-- phpMyAdmin SQL Dump
-- version 5.2.0
-- https://www.phpmyadmin.net/
--
-- Host: 127.0.0.1
-- Waktu pembuatan: 22 Jul 2022 pada 08.31
-- Versi server: 10.4.24-MariaDB
-- Versi PHP: 8.1.6

SET SQL_MODE = "NO_AUTO_VALUE_ON_ZERO";
START TRANSACTION;
SET time_zone = "+00:00";


/*!40101 SET @OLD_CHARACTER_SET_CLIENT=@@CHARACTER_SET_CLIENT */;
/*!40101 SET @OLD_CHARACTER_SET_RESULTS=@@CHARACTER_SET_RESULTS */;
/*!40101 SET @OLD_COLLATION_CONNECTION=@@COLLATION_CONNECTION */;
/*!40101 SET NAMES utf8mb4 */;

--
-- Database: `2_mysql_query`
--

-- --------------------------------------------------------

--
-- Struktur dari tabel `tb_mahasiswa`
--

CREATE TABLE `tb_mahasiswa` (
  `mhs_id` int(11) NOT NULL,
  `mhs_nim` varchar(100) DEFAULT NULL,
  `mhs_nama` varchar(100) DEFAULT NULL,
  `mhs_angkatan` varchar(100) DEFAULT NULL
) ENGINE=InnoDB DEFAULT CHARSET=utf8mb4;

--
-- Dumping data untuk tabel `tb_mahasiswa`
--

INSERT INTO `tb_mahasiswa` (`mhs_id`, `mhs_nim`, `mhs_nama`, `mhs_angkatan`) VALUES
(1, '20180001', 'Jono', '2018'),
(2, '20180002', 'Taufik', '2018'),
(3, '20180003', 'Maria', '2018'),
(4, '20190001', 'sari', '2019'),
(5, '20190002', 'Bambang', '2019');

-- --------------------------------------------------------

--
-- Struktur dari tabel `tb_mahasiswa_nilai`
--

CREATE TABLE `tb_mahasiswa_nilai` (
  `mhs_nilai_id` int(11) NOT NULL,
  `mhs_id` int(11) DEFAULT NULL,
  `mk_id` int(11) DEFAULT NULL,
  `nilai` double DEFAULT NULL
) ENGINE=InnoDB DEFAULT CHARSET=utf8mb4;

--
-- Dumping data untuk tabel `tb_mahasiswa_nilai`
--

INSERT INTO `tb_mahasiswa_nilai` (`mhs_nilai_id`, `mhs_id`, `mk_id`, `nilai`) VALUES
(1, 1, 1, 70),
(2, 1, 1, 80),
(3, 2, 1, 82),
(4, 2, 2, 74),
(5, 4, 1, 76),
(6, 4, 2, 80),
(7, 5, 1, 60);

-- --------------------------------------------------------

--
-- Struktur dari tabel `tb_matakuliah`
--

CREATE TABLE `tb_matakuliah` (
  `mk_id` int(11) DEFAULT NULL,
  `mk_kode` varchar(100) DEFAULT NULL,
  `mk_sks` int(11) DEFAULT NULL,
  `mk_nama` varchar(100) DEFAULT NULL
) ENGINE=InnoDB DEFAULT CHARSET=utf8mb4;

--
-- Dumping data untuk tabel `tb_matakuliah`
--

INSERT INTO `tb_matakuliah` (`mk_id`, `mk_kode`, `mk_sks`, `mk_nama`) VALUES
(1, 'MK202', 3, 'OOP'),
(2, 'MK303', 2, 'Basis Data');

--
-- Indexes for dumped tables
--

--
-- Indeks untuk tabel `tb_mahasiswa`
--
ALTER TABLE `tb_mahasiswa`
  ADD PRIMARY KEY (`mhs_id`);

--
-- Indeks untuk tabel `tb_mahasiswa_nilai`
--
ALTER TABLE `tb_mahasiswa_nilai`
  ADD PRIMARY KEY (`mhs_nilai_id`);
COMMIT;

/*!40101 SET CHARACTER_SET_CLIENT=@OLD_CHARACTER_SET_CLIENT */;
/*!40101 SET CHARACTER_SET_RESULTS=@OLD_CHARACTER_SET_RESULTS */;
/*!40101 SET COLLATION_CONNECTION=@OLD_COLLATION_CONNECTION */;
